date,MVNOCompany,Location,Request
09-21,M1,Patna,800
05-10,M3,Lucknow,3500
10-14,M2,Lucknow,1800
09-20,M1,Kolkata,800
08-12,M2,Jaipur,700
09-21,M2,Jaipur,3500
09-15,M1,Kolkata,800
10-10,M2,Kolkata,800
10-22,M1,Delhi,3500
02-09,M1,Lucknow,700
03-18,M2,Chandigarh,3500
02-16,M3,Kolkata,700
03-10,M1,Chandigarh,700
08-12,M2,Delhi,800
07-21,M1,Jaipur,1800
03-18,M2,Delhi,3500
10-17,M1,Chandigarh,1800
06-18,M2,Patna,1800
02-14,M2,Patna,3500
11-14,M1,Kolkata,1800