Company,Location,HashCode
M1,Patna,1
M1,Lucknow,2
M1,Kolkata,3
M1,Jaipur,4
M1,Delhi,5
M1,Chandigarh,6
M2,Patna,7
M2,Lucknow,8
M2,Kolkata,9
M2,Jaipur,10
M2,Delhi,11
M2,Chandigarh,12
M3,Patna,13
M3,Lucknow,14
M3,Kolkata,15
M3,Jaipur,16
M3,Delhi,17
M3,Chandigarh,18
